历史,896105
黑色幽默,1251275
黑色,247196
爱情,10207653
2010,945463
震撼,128310
TV,129514
社会,170392
美国电影,3774722
3D,565232
史诗,487277
卡通,161459
台湾电影,495297
国产动画,350655
家庭,741434
中国电影,1320973
台剧,180293
动画,6565345
印度,382450
冯小刚,242922
2016,447894
王家卫,357675
内地,374487
童年回忆,259542
TimBurton,146943
希区柯克,113801
成长,1775287
台湾,1304009
2003,233503
美国,16770002
同志,563818
童话,413418
俄罗斯,139574
梁朝伟,316720
伦理,236385
默片,114543
校园,498861
亲情,1059322
1994,154967
丧尸,123562
生活,212523
歌舞,208363
成龙,238063
张国荣,213240
恐怖,1649484
警匪,413074
大陆,1378919
韩国,2087253
HBO,170278
JohnnyDepp,328716
2001,195864
韩剧,972102
英国电影,473670
西部,163148
北野武,156234
真人秀,168950
泰国,372891
西班牙,361399
2015,1099436
治愈系,144470
7,117230
cult,188147
综艺,110674
武侠,583754
推理,540327
徐静蕾,112827
特工,325125
BBC,609952
欧美,330756
友情,290991
童年,681382
姜文,194935
伊朗,126125
迪斯尼,372329
2005,254379
1999,138970
古装,537246
情色,982508
欧美电影,146397
葛优,186259
浪漫,604187
刘青云,121621
美国动画,133977
2006,345119
2013,1104210
意大利电影,155795
2012,1044371
哈利波特,161091
pixar,217082
泰国电影,135736
柯南,163824
les,128825
英语标签,124567
李安,147713
信念,233686
桂纶镁,142463
2000,149547
二战,537313
吴彦祖,118343
剧情,5978982
2004,263326
日剧,2297945
1995,113712
澳大利亚,165862
2008,512004
1990s,162157
音乐,778461
张艺谋,257763
冒险,868146
日影,151433
王晶,113128
旅行,117293
惊悚,2609327
周迅,161228
同性,445528
电影,3614538
恶搞,229307
中国,2603731
中国大陆,466419
古天乐,148576
动画电影,117643
日本,5152809
Disney,117204
奇幻,1400339
文艺,2257872
犯罪,3167159
短片,1432185
悬疑,4085349
周星驰,655787
战争,1559628
小说改编,373436
アニメ,227337
动漫,1217305
感人,865445
英国,2612927
超级英雄,179200
我看过的电影,171631
金城武,126135
动作,5097518
欧洲,224811
连续剧,151040
魔幻,1306415
2011,1071850
看过的电视剧,838083
韩国电影,849333
斯皮尔伯格,243253
日剧SP,124428
TVB,731481
加拿大,204706
舒淇,117799
传记,1059977
Marvel,155063
灾难,608877
2010s,133515
法国电影,788187
灵异,117519
励志,1937910
国产电影,182887
爱尔兰,108715
日语标签,125647
宗教,353445
美剧,2911094
公路,187582
2002,184955
女性,586651
李连杰,194494
香港,4441253
日本电影,1418421
政治,467510
2009,770863
电视剧,1944760
动画短片,869993
宫崎骏,654679
剧场版,309516
情感,115303
人生,1241052
2007,424270
港剧,403347
奥斯卡,228044
动物,264211
日本动画,1354071
黑帮,605962
Anime,128701
独立电影,139008
心理,1051280
恐怖片,136546
儿童,330189
尼古拉斯·凯奇,253954
教育,122325
岩井俊二,309507
2014,1048942
吸血鬼,383820
徐克,186550
间谍,181078
音乐剧,195359
喜剧,8448111
刘德华,256410
温暖,124231
经典,4687291
德国电影,157364
漫画改编,559603
纪录片,2091981
华语标签,161317
黑白,183388
感动,540052
OVA,115178
美食,232595
科幻,5490081
梦工厂,318113
德国,595273
暴力,861743
动画片,525514
杜琪峰,208074
自由,209418
人性,2953920
血腥,386928
青春,3787969
迪士尼,123168
1997,146022
僵尸,140177
国产,443813
吴宇森,133609
自然,136948
国产电视剧,725151
温情,2036175
摇滚,130805
搞笑,2109908
日劇,119967
2000s,240301
日本动漫,122424
法国,2286398
烂片,342430
时尚,113616
香港电影,2124671
1998,130097
英剧,984072
梦想,250308
周润发,161609
意大利,572083
名著改编,251077
